,GFDL-ESM4,MRI-ESM2-0,IPSL-CM6A-LR,CAMS-CSM1-0,CESM2,BCC-ESM1,CESM2-WACCM,MIROC6,BCC-CSM2-MR,CanESM5
t2011,1.030938884818673,0.9587721308680356,1.0692577362060547,1.013537488056743,1.0660455724297555,1.0185512488449795,1.039816072413628,1.0041091617050144,1.0386691178060576,1.0795209280928724
t2021,1.0346776442003338,0.9830048497080401,1.0653084516525269,1.0255620722190435,1.082278109248474,1.03201613370246,1.0606741605698347,1.0064275859000704,1.0578124493487011,1.1087860782433396
t2031,1.057237186714545,1.008734137939728,1.0877240896224976,1.0456889306079367,1.1053879299627036,,1.1097794159925738,0.9930477062051312,1.0705121305842953,1.127889469066176
t2041,1.0906901368071777,1.0948876465413662,1.1117448806762695,1.0433974775741472,1.1213432704260982,,1.1215930506795087,1.0299173786668092,1.073503689664414,1.1518364001544792
t2051,1.1020059903307395,1.1427530315347774,1.1580089330673218,1.0495138734433085,1.147366340725266,,1.1459353869209892,1.0348961656740123,1.0825341942870685,1.1707365147341378
t2061,1.0955305789567638,1.1588908033724958,1.1940138339996338,1.0420488615032097,1.1868199117594782,,1.1576429102548296,1.0385368422495211,1.0924992535656535,1.2084835870004729
t2071,1.099061738698307,1.161112858235507,1.2371692657470703,1.059413893083762,1.2131569392604973,,1.191384647003014,1.0480095489606092,1.105286486544706,1.2392208681457186
