time,BCC-CSM2-MR,BCC-ESM1,CAMS-CSM1-0,CESM2,CESM2-WACCM,CanESM5,GFDL-ESM4,IPSL-CM6A-LR,MIROC6,MRI-ESM2-0
1991,0.989043530555286,0.9842477059606565,0.9585795281198461,1.0267215967178345,0.9787368178367615,0.9974656701087952,0.9857036471366882,0.9798586964607239,1.0310235023498535,0.9128748178482056
2001,0.9872850626860071,0.9717673505179214,0.9651273908526202,0.9763487577438354,0.9998446702957153,1.0633971691131592,1.0426219701766968,1.0372601747512817,1.078220248222351,0.8953872323036194
2011,1.0300946872821257,1.0117950006537955,1.0306899593441003,1.06182861328125,1.0550549030303955,1.0916413068771362,1.0536746978759766,1.0714466571807861,1.0118389129638672,0.8279407024383545
2021,1.0578265322547735,1.0242965524489496,1.0478707572248118,1.097285270690918,1.08296537399292,1.142737627029419,1.0552151203155518,1.0412572622299194,0.9829738736152649,0.8741681575775146
2031,1.0834984341974963,,1.1036554671393672,1.1514698266983032,1.159113883972168,1.1883212327957153,1.094028115272522,1.0844171047210693,0.9449695348739624,0.9203845858573914
2041,1.067378312570315,,1.0842693902525062,1.148665428161621,1.1509150266647339,1.1990330219268799,1.186543583869934,1.0972131490707397,1.014022946357727,1.073289155960083
2051,1.0630728210149438,,1.0911758414294748,1.155021071434021,1.1831694841384888,1.1685726642608643,1.2217391729354858,1.1652768850326538,1.0422182083129883,1.2022627592086792
2061,1.067791056077785,,1.050259467462815,1.1416010856628418,1.1402479410171509,1.2054369449615479,1.171424388885498,1.1843162775039673,1.0679948329925537,1.1806379556655884
2071,1.0890773638220936,,1.075644197043877,1.1355183124542236,1.180813193321228,1.2303954362869263,1.1519370079040527,1.2350094318389893,1.0811917781829834,1.1695245504379272
