,MIROC6,CESM2,BCC-ESM1,MRI-ESM2-0,CanESM5,CAMS-CSM1-0,GFDL-ESM4,IPSL-CM6A-LR,CESM2-WACCM,BCC-CSM2-MR
t2011,0.6976035808199867,1.094390598544635,1.0801761490631065,1.0239186884169271,1.4386232260013685,0.5855764510201311,0.8128514073952147,1.0213623046875,1.0078035958820806,0.9644051223277756
t2021,0.9241407659164906,1.3375937706218792,1.2820887939342356,1.2678370524898241,1.8637849650586986,0.772981770688375,1.021594325419585,1.34613037109375,1.271294305239337,1.2418895733459294
t2031,1.235913284872879,1.6569418225626578,,1.6142750920263325,2.394865857677871,0.9939430476181315,1.2951599936145612,1.789764404296875,1.6422187372364192,1.5996420904153865
t2041,1.5333446750318558,2.02734796511902,,1.9804371803610934,2.996470370599411,1.2723319490262384,1.6310391249164695,2.24859619140625,2.0986051826466223,1.969404708854313
t2051,1.861462285562311,2.4850242851507574,,2.343858082587701,3.5794180205155612,1.5313122272233954,2.001840549631254,2.72271728515625,2.548464202198943,2.3255335486266517
t2061,2.1434135099715945,3.025131541509893,,2.6897764310137973,4.184961774420344,1.8341181418410883,2.398148941322347,3.222442626953125,3.027118428956669,2.7110118107658536
t2071,2.475390628014395,3.5409950092355302,,3.0422235839063774,4.787036799847726,2.1015741747082757,2.761664296272329,3.826446533203125,3.494716183223602,3.085561526503227
