time,BCC-CSM2-MR,BCC-ESM1,CAMS-CSM1-0,CESM2,CESM2-WACCM,CanESM5,GFDL-ESM4,IPSL-CM6A-LR,MIROC6,MRI-ESM2-0
1991,0.26313054897940447,0.3936054228370267,0.14821948863647094,0.30926514,0.33895874,0.39401245,0.24847412,0.2919922,0.1625061,0.31463623
2001,0.6818807510296665,0.829525153556915,0.42815706664652,0.79177856,0.7796936,1.0128479,0.61065674,0.6951599,0.47937012,0.7637024
2011,0.9644045655073796,1.0801782260344908,0.585575823731233,1.0944214,1.0078125,1.4384155,0.8128662,1.0214539,0.6975708,1.0239258
2021,1.2418890165255334,1.2820908709056198,0.7729811433994769,1.3376465,1.2713318,1.8635254,1.021637,1.3462524,0.92407227,1.2678223
2031,1.5996415210882446,,0.9939411568167884,1.6570435,1.6422424,2.3945618,1.2951965,1.7899475,1.2358398,1.6142578
2041,1.9694061326831616,,1.2723302737920221,2.0274048,2.0986633,2.9960938,1.631073,2.2488403,1.5332642,1.9803772
2051,2.3255320418787733,,1.5313109459908105,2.4851074,2.548523,3.5789795,2.001831,2.722992,1.8613281,2.343811
2061,2.7110112539454576,,1.8341175145521902,3.025238,3.0271912,4.1844788,2.3981628,3.2227173,2.1433105,2.6897278
2071,3.08556166422278,,2.101574572520576,3.5411072,3.494812,4.786499,2.7616577,3.8268433,2.4752808,3.0421753
